sido,gugun,areaNo,gridX,gridY
서울특별시,종로구,1111000000,60,127
서울특별시,중구,1114000000,60,127
서울특별시,용산구,1117000000,60,126
서울특별시,성동구,1120000000,61,127
서울특별시,광진구,1121500000,62,126
서울특별시,동대문구,1123000000,61,127
서울특별시,중랑구,1126000000,62,128
서울특별시,성북구,1129000000,61,127
서울특별시,강북구,1130500000,61,128
서울특별시,도봉구,1132000000,61,129
서울특별시,노원구,1135000000,61,129
서울특별시,은평구,1138000000,59,127
서울특별시,서대문구,1141000000,59,127
서울특별시,마포구,1144000000,59,127
서울특별시,양천구,1147000000,58,126
서울특별시,강서구,1150000000,58,126
서울특별시,구로구,1153000000,58,125
서울특별시,금천구,1154500000,59,124
서울특별시,영등포구,1156000000,58,126
서울특별시,동작구,1159000000,59,125
서울특별시,관악구,1162000000,59,125
서울특별시,서초구,1165000000,61,125
서울특별시,강남구,1168000000,61,126
서울특별시,송파구,1171000000,62,126
서울특별시,강동구,1174000000,62,126
전남광주통합특별시,목포시,1211000000,50,67
전남광주통합특별시,여수시,1213000000,73,66
전남광주통합특별시,순천시,1215000000,70,70
전남광주통합특별시,나주시,1217000000,56,71
전남광주통합특별시,광양시,1219000000,73,70
전남광주통합특별시,동구,1221000000,60,74
전남광주통합특별시,서구,1224000000,59,74
전남광주통합특별시,남구,1227000000,59,73
전남광주통합특별시,북구,1230000000,59,75
전남광주통합특별시,광산구,1233000000,57,74
전남광주통합특별시,담양군,1271000000,61,78
전남광주통합특별시,곡성군,1272000000,66,77
전남광주통합특별시,구례군,1273000000,69,75
전남광주통합특별시,고흥군,1274000000,66,62
전남광주통합특별시,보성군,1275000000,62,66
전남광주통합특별시,화순군,1276000000,61,72
전남광주통합특별시,장흥군,1277000000,59,64
전남광주통합특별시,강진군,1278000000,57,63
전남광주통합특별시,해남군,1279000000,54,61
전남광주통합특별시,영암군,1280000000,56,66
전남광주통합특별시,무안군,1281000000,52,71
전남광주통합특별시,함평군,1282000000,52,72
전남광주통합특별시,영광군,1283000000,52,77
전남광주통합특별시,장성군,1284000000,57,77
전남광주통합특별시,완도군,1285000000,57,56
전남광주통합특별시,진도군,1286000000,48,59
전남광주통합특별시,신안군,1287000000,50,66
부산광역시,중구,2611000000,97,74
부산광역시,서구,2614000000,97,74
부산광역시,동구,2617000000,98,75
부산광역시,영도구,2620000000,98,74
부산광역시,부산진구,2623000000,97,75
부산광역시,동래구,2626000000,98,76
부산광역시,남구,2629000000,98,75
부산광역시,북구,2632000000,96,76
부산광역시,해운대구,2635000000,99,75
부산광역시,사하구,2638000000,96,74
부산광역시,금정구,2641000000,98,77
부산광역시,강서구,2644000000,96,76
부산광역시,연제구,2647000000,98,76
부산광역시,수영구,2650000000,99,75
부산광역시,사상구,2653000000,96,75
부산광역시,기장군,2671000000,100,77
대구광역시,중구,2711000000,89,90
대구광역시,동구,2714000000,90,91
대구광역시,서구,2717000000,88,90
대구광역시,남구,2720000000,89,90
대구광역시,북구,2723000000,89,91
대구광역시,수성구,2726000000,89,90
대구광역시,달서구,2729000000,88,90
대구광역시,달성군,2771000000,86,88
대구광역시,군위군,2772000000,88,99
인천광역시,제물포구,2812500000,54,125
인천광역시,영종구,2815500000,53,125
인천광역시,미추홀구,2817700000,54,124
인천광역시,연수구,2818500000,55,123
인천광역시,남동구,2820000000,56,124
인천광역시,부평구,2823700000,55,125
인천광역시,계양구,2824500000,56,126
인천광역시,서해구,2827500000,55,126
인천광역시,검단구,2829000000,55,127
인천광역시,강화군,2871000000,51,130
인천광역시,옹진군,2872000000,54,124
대전광역시,동구,3011000000,68,100
대전광역시,중구,3014000000,68,100
대전광역시,서구,3017000000,67,100
대전광역시,유성구,3020000000,67,101
대전광역시,대덕구,3023000000,68,100
울산광역시,중구,3111000000,102,84
울산광역시,남구,3114000000,102,84
울산광역시,동구,3117000000,104,83
울산광역시,북구,3120000000,103,85
울산광역시,울주군,3171000000,101,84
세종특별자치시,세종특별자치시,3611000000,66,103
경기도,수원시장안구,4111100000,60,121
경기도,수원시권선구,4111300000,60,120
경기도,수원시팔달구,4111500000,61,121
경기도,수원시영통구,4111700000,61,120
경기도,성남시수정구,4113100000,63,124
경기도,성남시중원구,4113300000,63,124
경기도,성남시분당구,4113500000,62,123
경기도,의정부시,4115000000,61,130
경기도,안양시만안구,4117100000,59,123
경기도,안양시동안구,4117300000,59,123
경기도,부천시원미구,4119200000,57,125
경기도,부천시소사구,4119400000,57,125
경기도,부천시오정구,4119600000,57,126
경기도,광명시,4121000000,58,125
경기도,평택시,4122000000,62,114
경기도,동두천시,4125000000,61,134
경기도,안산시상록구,4127100000,58,121
경기도,안산시단원구,4127300000,57,121
경기도,고양시덕양구,4128100000,57,128
경기도,고양시일산동구,4128500000,56,129
경기도,고양시일산서구,4128700000,56,129
경기도,과천시,4129000000,60,124
경기도,구리시,4131000000,62,127
경기도,남양주시,4136000000,64,128
경기도,오산시,4137000000,62,118
경기도,시흥시,4139000000,57,123
경기도,군포시,4141000000,59,122
경기도,의왕시,4143000000,60,122
경기도,하남시,4145000000,64,126
경기도,용인시처인구,4146100000,64,119
경기도,용인시기흥구,4146300000,62,120
경기도,용인시수지구,4146500000,62,121
경기도,파주시,4148000000,56,131
경기도,이천시,4150000000,68,121
경기도,안성시,4155000000,65,115
경기도,김포시,4157000000,55,128
경기도,화성시만세구,4159100000,59,117
경기도,화성시효행구,4159300000,60,119
경기도,화성시병점구,4159500000,61,119
경기도,화성시동탄구,4159700000,62,119
경기도,광주시,4161000000,65,123
경기도,양주시,4163000000,61,131
경기도,포천시,4165000000,64,134
경기도,여주시,4167000000,71,121
경기도,연천군,4180000000,61,138
경기도,가평군,4182000000,69,133
경기도,양평군,4183000000,69,125
충청북도,청주시상당구,4311100000,69,106
충청북도,청주시서원구,4311200000,69,107
충청북도,청주시흥덕구,4311300000,67,106
충청북도,청주시청원구,4311400000,69,107
충청북도,충주시,4313000000,76,114
충청북도,제천시,4315000000,81,118
충청북도,보은군,4372000000,73,103
충청북도,옥천군,4373000000,71,99
충청북도,영동군,4374000000,74,97
충청북도,증평군,4374500000,71,110
충청북도,진천군,4375000000,68,111
충청북도,괴산군,4376000000,74,111
충청북도,음성군,4377000000,72,113
충청북도,단양군,4380000000,84,115
충청남도,천안시동남구,4413100000,63,110
충청남도,천안시서북구,4413300000,63,112
충청남도,공주시,4415000000,63,102
충청남도,보령시,4418000000,54,100
충청남도,아산시,4420000000,60,110
충청남도,서산시,4421000000,51,110
충청남도,논산시,4423000000,62,97
충청남도,계룡시,4425000000,65,99
충청남도,당진시,4427000000,54,112
충청남도,금산군,4471000000,69,95
충청남도,부여군,4476000000,59,99
충청남도,서천군,4477000000,55,94
충청남도,청양군,4479000000,57,103
충청남도,홍성군,4480000000,55,106
충청남도,예산군,4481000000,58,107
충청남도,태안군,4482500000,48,109
경상북도,포항시남구,4711100000,102,94
경상북도,포항시북구,4711300000,102,95
경상북도,경주시,4713000000,100,91
경상북도,김천시,4715000000,80,96
경상북도,안동시,4717000000,91,106
경상북도,구미시,4719000000,84,96
경상북도,영주시,4721000000,89,111
경상북도,영천시,4723000000,95,93
경상북도,상주시,4725000000,81,102
경상북도,문경시,4728000000,81,106
경상북도,경산시,4729000000,91,90
경상북도,의성군,4773000000,90,101
경상북도,청송군,4775000000,96,103
경상북도,영양군,4776000000,97,108
경상북도,영덕군,4777000000,102,103
경상북도,청도군,4782000000,91,86
경상북도,고령군,4783000000,83,87
경상북도,성주군,4784000000,83,91
경상북도,칠곡군,4785000000,85,93
경상북도,예천군,4790000000,86,107
경상북도,봉화군,4792000000,90,113
경상북도,울진군,4793000000,102,115
경상북도,울릉군,4794000000,127,127
경상남도,창원시의창구,4812100000,90,77
경상남도,창원시성산구,4812300000,91,76
경상남도,창원시마산합포구,4812500000,89,76
경상남도,창원시마산회원구,4812700000,89,76
경상남도,창원시진해구,4812900000,91,75
경상남도,진주시,4817000000,81,75
경상남도,통영시,4822000000,87,68
경상남도,사천시,4824000000,80,71
경상남도,김해시,4825000000,95,77
경상남도,밀양시,4827000000,92,83
경상남도,거제시,4831000000,90,69
경상남도,양산시,4833000000,97,79
경상남도,의령군,4872000000,83,78
경상남도,함안군,4873000000,86,77
경상남도,창녕군,4874000000,87,83
경상남도,고성군,4882000000,85,71
경상남도,남해군,4884000000,77,68
경상남도,하동군,4885000000,74,73
경상남도,산청군,4886000000,76,80
경상남도,함양군,4887000000,74,82
경상남도,거창군,4888000000,77,86
경상남도,합천군,4889000000,81,84
제주특별자치도,제주시,5011000000,53,38
제주특별자치도,서귀포시,5013000000,53,33
강원특별자치도,춘천시,5111000000,73,134
강원특별자치도,원주시,5113000000,76,122
강원특별자치도,강릉시,5115000000,92,131
강원특별자치도,동해시,5117000000,97,127
강원특별자치도,태백시,5119000000,95,119
강원특별자치도,속초시,5121000000,87,141
강원특별자치도,삼척시,5123000000,98,125
강원특별자치도,홍천군,5172000000,75,130
강원특별자치도,횡성군,5173000000,77,125
강원특별자치도,영월군,5175000000,86,119
강원특별자치도,평창군,5176000000,84,123
강원특별자치도,정선군,5177000000,89,123
강원특별자치도,철원군,5178000000,65,139
강원특별자치도,화천군,5179000000,72,139
강원특별자치도,양구군,5180000000,77,139
강원특별자치도,인제군,5181000000,80,138
강원특별자치도,고성군,5182000000,85,145
강원특별자치도,양양군,5183000000,88,138
전북특별자치도,전주시완산구,5211100000,63,89
전북특별자치도,전주시덕진구,5211300000,63,89
전북특별자치도,군산시,5213000000,56,92
전북특별자치도,익산시,5214000000,60,91
전북특별자치도,정읍시,5218000000,58,83
전북특별자치도,남원시,5219000000,68,80
전북특별자치도,김제시,5221000000,59,88
전북특별자치도,완주군,5271000000,63,89
전북특별자치도,진안군,5272000000,68,88
전북특별자치도,무주군,5273000000,72,93
전북특별자치도,장수군,5274000000,70,85
전북특별자치도,임실군,5275000000,66,84
전북특별자치도,순창군,5277000000,63,79
전북특별자치도,고창군,5279000000,56,80
전북특별자치도,부안군,5280000000,56,87
